Sample,Lat.,Long.,Coll. Date,SiO2,TiO2,Al2O3,FeO,MnO,MgO,CaO,Na2O,K2O,P2O5,Sc,V,Cr,Co,Ni,Cu,Zn,Li,Rb,Cs,Sr,Ba,Ba,Y,La,Ce,Nd,Sm,Eu,Gd,Tb,Dy,Yb,Lu,Zr,Hf,Nb,Ta,Th,U
AM-01,44.425426,-117.623085,29-May-94,54.80,2.17,13.60,12.80,0.18,3.87,6.85,3.59,1.61,0.51,32.40,,5.10,36.50,,,,,42.00,0.92,298.00,690.00,550.00,,24.00,50.10,28.30,7.23,2.03,,1.23,,3.96,0.57,,5.42,,0.84,3.62,1.70
AM-02,44.420803,-117.618705,29-May-94,52.80,2.24,13.70,13.70,0.21,4.14,7.61,3.60,1.60,0.44,35.00,,14.30,39.90,,,,,30.00,1.09,338.00,680.00,545.00,,20.80,44.70,21.60,6.26,2.09,,1.00,,3.79,0.53,,4.73,,0.71,6.83,1.30
AM-03,44.421302,-117.620084,29-May-94,54.30,2.13,13.50,13.20,0.19,3.62,7.11,3.69,1.92,0.43,33.90,,9.60,38.70,,,,,44.00,1.12,299.00,472.00,595.00,,22.60,51.30,27.50,6.94,2.20,,1.14,,4.24,0.58,,5.46,,0.82,8.53,1.60
AM-04,44.434992,-117.638971,29-May-94,52.90,2.43,13.50,13.30,0.21,3.95,8.05,3.40,1.80,0.49,35.60,,3.80,44.10,,,,,31.00,0.59,314.00,459.00,555.00,,20.30,46.00,23.90,6.06,1.81,,0.93,,3.56,0.49,,4.57,,0.69,6.96,1.40
AM-05,44.4335,-117.628326,29-May-94,52.70,2.25,13.70,13.60,0.20,4.17,8.11,3.01,1.81,0.51,36.70,,16.80,43.00,,,,,33.00,3.50,367.00,455.00,535.00,,19.70,45.70,23.50,6.31,1.83,,1.03,,4.00,0.55,,4.73,,0.70,2.21,1.10
AM-06,44.434907,-117.627467,29-May-94,56.10,2.29,13.90,12.30,0.16,2.90,6.43,3.38,2.06,0.54,28.00,,,32.40,,,,,53.00,0.88,303.00,865.00,780.00,,31.80,68.50,36.00,8.34,2.05,,1.32,,4.53,0.64,,6.48,,0.99,10.70,2.10
AM-07,44.437793,-117.626957,29-May-94,55.50,2.26,13.80,12.70,0.18,2.99,6.54,3.21,2.27,0.59,28.60,,2.00,30.60,,,,,58.00,2.51,298.00,888.00,785.00,,29.70,66.00,37.90,7.89,2.31,,1.34,,4.35,0.61,,6.32,,1.13,10.20,1.90
AM-08,44.418499,-117.63607,30-May-94,52.20,2.44,13.30,14.50,0.22,3.96,8.12,2.92,1.86,0.49,37.50,,6.10,45.00,,,,,51.00,3.38,338.00,473.00,560.00,,19.90,45.10,24.20,6.05,2.07,,1.07,,3.62,0.52,,4.80,,0.82,2.84,1.60
AM-09,44.424031,-117.638669,30-May-94,53.00,2.17,13.80,12.80,0.20,4.12,8.15,3.56,1.71,0.51,35.70,,25.50,40.00,,,,,33.00,0.75,342.00,433.00,490.00,,20.40,47.20,25.50,6.38,2.01,,1.03,,3.69,0.50,,5.03,,0.77,2.23,1.40
AM-10,44.416869,-117.640675,30-May-94,52.90,2.03,14.00,12.40,0.21,4.28,8.69,3.22,1.74,0.48,35.10,,32.40,38.80,,,,,35.00,1.53,357.00,427.00,490.00,,19.10,42.60,23.00,5.89,1.81,,0.88,,3.43,0.49,,4.48,,0.75,3.41,1.40
AM-11,44.411237,-117.641446,30-May-94,53.30,2.18,13.90,13.00,0.21,4.20,8.04,3.29,1.38,0.52,35.20,,26.10,39.80,,,,,44.00,1.47,366.00,618.00,535.00,,20.90,46.90,25.50,6.55,2.08,,1.14,,3.79,0.52,,5.03,,0.76,2.30,1.50
BH-01,44.260651,-117.617496,27-Aug-90,53.70,2.20,13.70,13.20,0.21,4.17,7.55,3.39,1.53,0.37,35.60,,14.30,38.40,,,,,24.00,0.65,446.00,528.00,577.00,,20.40,46.00,27.60,6.47,2.00,,1.12,,4.07,0.56,,5.04,,0.68,2.92,1.60
BH-02,44.261784,-117.618415,27-Aug-90,52.20,1.76,14.80,10.90,0.18,5.61,9.99,3.19,1.10,0.24,38.40,,156.00,41.70,,,,,16.00,1.77,559.00,400.00,397.00,,12.50,28.10,17.40,4.70,1.66,,0.80,,3.36,0.40,,3.44,,0.36,1.73,1.20
BH-03,44.264032,-117.619181,27-Aug-90,55.30,2.32,13.30,12.90,0.21,3.52,6.84,3.35,1.83,0.42,33.40,,4.70,36.00,,,,,35.00,1.76,447.00,693.00,721.00,,24.50,53.30,31.60,7.55,2.25,,1.20,,4.81,0.65,,5.98,,0.83,4.92,2.10
BH-04,44.265539,-117.619815,27-Aug-90,55.20,2.22,13.50,12.60,0.20,3.69,7.07,3.49,1.66,0.38,32.40,,5.40,36.10,,,,,35.00,1.07,421.00,675.00,688.00,,23.40,48.80,30.80,7.12,2.11,,1.07,,4.45,0.56,,5.62,,0.89,4.50,2.10
BH-05,44.276191,-117.617659,27-Aug-90,52.20,1.79,15.00,11.00,0.17,5.35,10.09,3.29,0.83,0.27,38.40,,150.00,41.30,,,,,10.00,3.47,580.00,448.00,435.00,,12.60,28.30,16.80,4.80,1.62,,0.72,,3.06,0.40,,3.51,,0.38,1.53,1.30
BH-06,44.25478,-117.605459,27-Aug-90,54.80,2.16,13.50,12.90,0.22,3.74,7.70,3.04,1.63,0.35,32.70,,8.30,35.40,,,,,36.00,14.18,477.00,615.00,632.00,,22.60,46.80,26.70,6.83,1.93,,0.94,,4.89,0.56,,4.99,,0.75,4.25,1.60
BH-07,44.25713,-117.603752,27-Aug-90,56.30,2.26,13.60,11.90,0.19,3.20,6.96,3.38,1.88,0.41,27.30,,8.50,30.30,,,,,76.00,20.70,568.00,910.00,867.00,,28.00,58.60,33.70,7.20,2.01,,1.16,,4.84,0.50,,5.59,,0.86,6.60,2.10
BH-08,44.257603,-117.604086,27-Aug-90,54.20,2.21,13.60,13.40,0.19,3.85,7.71,3.07,1.48,0.37,34.30,,12.60,38.30,,,,,27.00,1.46,491.00,575.00,631.00,,20.20,43.80,25.90,6.22,1.88,,1.04,,3.64,0.50,,4.72,,0.70,3.66,1.10
BH-09,44.258245,-117.600176,27-Aug-90,54.50,2.12,13.60,13.10,0.21,3.49,7.83,3.02,1.71,0.35,33.70,,10.80,37.50,,,,,82.00,33.30,591.00,915.00,847.00,,21.50,47.60,26.10,6.35,1.95,,1.17,,3.76,0.47,,4.75,,0.75,4.83,1.70
BLO-01,44.571491,-117.266385,26-Aug-90,48.40,2.23,17.40,11.20,0.16,7.33,8.96,3.20,0.76,0.30,22.50,,95.80,51.30,190.00,,,,24.00,0.68,456.00,320.00,345.00,,15.80,35.60,21.00,5.72,1.79,,0.83,,2.39,0.35,173.00,4.51,,0.69,1.09,0.90
BLO-02,44.571536,-117.266354,26-Aug-90,65.00,0.46,16.00,4.80,0.09,3.05,5.42,3.94,1.00,0.14,11.30,,25.00,10.90,10.00,,,,18.00,0.72,450.00,347.00,297.00,,7.50,15.50,9.00,2.40,0.72,,0.30,,1.04,0.16,94.00,2.71,,0.08,1.25,0.80
BLO-03,44.571581,-117.266322,26-Aug-90,48.30,2.47,16.50,12.20,0.17,6.87,9.09,3.10,0.87,0.37,26.50,,108.00,51.20,142.00,,,,20.00,0.62,452.00,350.00,381.00,,17.90,41.00,26.00,6.47,2.09,,1.02,,2.68,0.36,193.00,5.53,,0.91,1.21,1.10
BLO-04,44.580043,-117.26491,26-Aug-90,48.70,2.38,16.30,13.00,0.18,5.83,9.35,3.09,0.82,0.31,28.60,,123.00,49.80,102.00,,,,16.00,0.45,379.00,315.00,335.00,,15.40,38.10,22.30,6.16,2.03,,1.05,,2.92,0.40,182.00,5.21,,0.87,1.63,1.10
BLO-05,44.580422,-117.254718,26-Aug-90,55.40,2.12,13.60,12.80,0.19,3.70,6.78,3.27,1.76,0.27,33.00,,6.30,38.60,10.00,,,,39.00,0.81,419.00,710.00,763.00,,24.70,51.90,25.60,6.27,1.81,,0.92,,2.97,0.40,175.00,5.29,,0.71,6.41,1.80
BLO-06,44.583813,-117.260347,26-Aug-90,52.20,2.14,13.80,13.80,0.24,4.58,8.62,3.32,0.97,0.34,39.00,,31.30,42.40,24.00,,,,22.00,0.49,286.00,340.00,356.00,,16.20,36.70,20.80,6.50,2.06,,1.16,,3.83,0.55,188.00,5.21,,0.56,2.36,0.90
BLO-07,44.591555,-117.262233,26-Aug-90,51.70,1.86,15.00,12.30,0.20,5.10,9.73,3.05,0.78,0.28,37.90,,54.50,40.00,32.00,,,,23.00,0.49,278.00,290.00,299.00,,14.70,31.40,18.60,5.51,1.82,,0.95,,3.24,0.46,163.00,4.63,,0.66,3.04,0.70
BLO-08,44.591555,-117.262257,26-Aug-90,52.00,1.83,14.80,11.90,0.19,5.18,9.94,3.06,0.76,0.27,40.60,,64.20,42.50,43.00,,,,18.00,0.45,281.00,275.00,278.00,,13.70,34.70,18.00,5.48,1.85,,1.06,,3.35,0.46,164.00,4.88,,0.60,3.39,0.90
BLO-09,44.596638,-117.262209,26-Aug-90,58.60,2.03,13.90,11.40,0.20,2.72,5.00,3.37,2.31,0.37,27.90,,2.10,28.40,7.00,,,,56.00,1.58,305.00,930.00,982.00,,30.40,62.70,28.50,7.49,2.21,,1.25,,3.56,0.50,215.00,6.32,,0.83,8.07,2.30
BLO-10,44.596584,-117.263345,26-Aug-90,49.20,2.12,17.80,11.20,0.16,6.03,8.76,3.31,0.96,0.39,22.30,,88.50,48.30,372.00,,,,17.00,0.88,460.00,340.00,390.00,,18.40,41.30,22.70,6.40,2.02,,0.95,,2.37,0.36,192.00,5.25,,0.91,3.13,1.10
BLO-11,44.600617,-117.263978,26-Aug-90,49.70,2.89,13.60,14.90,0.24,5.20,9.15,2.94,0.91,0.42,41.10,,67.50,44.90,47.00,,,,24.00,0.29,279.00,340.00,391.00,,20.70,48.90,28.10,7.59,2.51,,1.37,,4.09,0.62,226.00,6.74,,0.92,4.06,1.50
BLO-12,44.607883,-117.277645,26-Aug-90,56.20,2.00,13.90,12.40,0.19,3.56,6.69,3.17,1.59,0.30,32.50,,5.60,37.30,20.00,,,,46.00,1.04,339.00,720.00,769.00,,21.70,48.80,25.40,6.43,1.93,,1.08,,3.27,0.49,205.00,5.80,,0.71,5.25,2.10
BLO-13,44.601299,-117.256319,26-Aug-90,49.20,2.59,16.00,12.70,0.20,5.73,9.39,3.03,0.85,0.31,30.20,,112.00,46.40,121.00,,,,14.00,0.42,384.00,310.00,353.00,,16.50,39.80,24.50,6.35,2.10,,0.88,,3.09,0.43,204.00,5.47,,0.87,1.48,1.30
BLO-14,44.599917,-117.259499,26-Aug-90,58.70,2.02,14.10,11.30,0.18,2.36,5.18,3.53,2.25,0.37,27.60,,3.20,26.50,6.00,,,,56.00,1.23,360.00,950.00,1071.00,,28.80,62.40,29.80,7.24,2.21,,0.98,,3.18,0.51,229.00,6.57,,0.87,8.36,1.70
BLO-15,44.585939,-117.26173,26-Aug-90,52.00,2.14,14.20,13.00,0.20,4.98,9.16,3.17,0.89,0.26,37.20,,32.30,41.50,37.00,,,,22.00,0.35,276.00,290.00,320.00,,15.60,35.30,20.80,5.68,1.86,,1.06,,3.84,0.50,180.00,5.09,,0.69,1.96,0.90
BLO-16,"""will locate later"" in notes",26-Aug-90,,52.90,2.06,13.90,13.50,0.24,4.58,8.47,2.96,0.99,0.31,38.60,,28.80,42.30,31.00,,,,16.00,0.42,276.00,320.00,380.00,,15.40,36.40,20.10,6.05,2.02,,1.08,,3.86,0.54,192.00,5.42,,0.71,3.24,1.50
BLO-17,44.524348,-117.284326,19-Jun-92,56.40,1.87,14.20,11.90,0.20,3.58,6.57,3.14,1.75,0.32,31.40,,16.10,35.20,22.00,,,,28.00,1.39,299.00,625.00,755.00,,22.10,50.00,22.60,5.86,1.87,,0.80,,2.58,0.43,180.00,5.34,,0.73,6.06,1.80
BLO-18,44.52885,-117.285325,19-Jun-92,55.20,1.82,14.10,12.70,0.19,4.02,6.76,3.19,1.66,0.32,34.20,,23.60,38.00,23.00,,,,37.00,1.92,309.00,620.00,717.00,,21.60,50.40,23.10,5.74,1.84,,1.02,,2.96,0.46,167.00,5.22,,0.73,6.26,1.90
BLO-19,44.530656,-117.284231,19-Jun-92,56.50,2.03,13.80,11.90,0.17,3.47,6.71,3.28,1.80,0.35,30.60,,7.10,32.80,,,113.00,,44.00,1.44,299.00,750.00,751.00,,24.60,51.30,26.80,6.24,1.80,,0.91,,3.34,0.49,177.00,5.03,,0.70,6.18,2.10
BLO-20,44.531765,-117.282346,19-Jun-92,53.00,2.16,14.10,13.20,0.21,4.54,8.48,3.20,0.90,0.27,38.20,,27.40,39.20,15.00,,108.00,,15.00,0.01,265.00,365.00,370.00,,15.30,36.20,22.90,6.17,2.02,,1.25,,4.78,0.58,167.00,4.88,,0.70,2.21,2.20
BLO-22,44.531615,-117.279477,19-Jun-92,49.50,2.77,16.00,12.80,0.18,5.51,8.67,3.23,0.98,0.41,27.00,,92.10,44.00,70.00,,151.00,,20.00,0.69,385.00,425.00,428.00,,21.70,51.00,33.50,7.53,2.38,,1.12,,4.16,0.51,234.00,5.98,,1.22,2.76,2.30
BLO-23,44.509721,-117.31285,19-Jun-92,51.80,1.63,16.10,11.10,0.18,5.08,10.44,2.94,0.59,0.17,36.70,,83.40,36.10,31.00,,81.00,,10.00,0.48,249.00,205.00,250.00,,10.90,26.20,16.80,4.64,1.49,,0.74,,3.72,0.42,134.00,3.57,,0.41,1.49,1.80
BR-01,44.483719,-117.346772,30-Jul-88,55.00,2.20,13.70,12.80,0.24,3.15,6.79,3.50,1.86,0.77,32.10,,15.20,28.20,14.00,,,,54.00,3.06,345.00,690.00,703.00,,30.10,62.50,37.10,8.84,2.64,,1.43,,4.25,0.57,217.00,5.40,,0.96,5.71,1.70
BR-03,44.402013,-117.304001,30-Jul-88,53.70,2.18,13.70,13.20,0.21,3.87,7.46,3.56,1.65,0.48,33.20,,16.10,36.20,21.00,,,,41.00,3.55,345.00,625.00,651.00,,22.90,47.50,29.90,6.46,1.97,,0.82,,3.69,0.48,195.00,4.65,,0.80,4.15,1.50
BR-04,44.409193,-117.313152,31-Jul-88,55.60,1.94,13.90,12.10,0.18,3.54,7.41,3.23,1.86,0.32,30.00,,16.80,32.70,13.00,,,,50.00,1.68,355.00,710.00,749.00,,22.40,47.70,27.80,6.01,1.81,,0.81,,3.37,0.41,181.00,4.24,,0.67,5.48,1.10
BR-05,44.410229,-117.319772,31-Jul-88,54.50,2.58,13.60,13.00,0.19,3.41,7.22,3.34,1.70,0.40,32.70,,29.50,37.90,16.00,,147.00,,52.00,1.52,287.00,575.00,672.00,,25.40,62.00,28.60,7.35,2.31,,1.41,,4.21,0.59,237.00,6.66,,1.06,4.98,1.90
BR-06,44.403055,-117.287727,31-Jul-88,51.40,1.25,16.30,9.70,0.15,6.27,11.23,2.94,0.51,0.23,40.70,,168.00,39.40,64.00,,,,4.00,2.84,457.00,320.00,354.00,,11.30,24.80,16.10,3.95,1.15,,0.57,,2.77,0.34,104.00,2.53,,0.29,0.73,1.20
BR-07,44.405418,-117.299903,31-Jul-88,52.30,2.27,13.80,13.60,0.23,4.64,8.60,3.18,1.00,0.33,37.80,,20.10,40.40,18.00,,,,25.00,1.54,342.00,330.00,385.00,,16.10,35.30,23.70,6.28,1.92,,0.93,,4.06,0.54,179.00,4.72,,0.52,2.15,1.60
BR-09,44.410169,-117.300563,31-Jul-88,52.80,2.19,14.00,13.00,0.22,4.05,8.98,3.32,1.15,0.34,36.20,,45.00,39.30,43.00,,124.00,,33.00,2.26,269.00,395.00,427.00,,15.90,25.20,21.40,5.51,1.92,,0.80,,3.81,0.57,212.00,5.28,,0.72,2.22,1.90
BR-10,44.409726,-117.300437,31-Jul-88,50.70,2.58,14.70,12.80,0.21,4.84,9.15,3.48,1.08,0.42,30.60,,90.50,41.20,90.00,,109.00,,14.00,1.30,377.00,380.00,426.00,,19.10,43.20,25.80,6.24,2.17,,1.17,,3.37,0.47,212.00,6.09,,0.90,1.98,2.00
BR-12,44.477991,-117.34167,31-Jul-88,55.40,2.16,13.60,12.60,0.22,2.95,6.71,3.70,1.88,0.79,31.80,,18.50,26.90,18.00,,153.00,,34.00,1.13,346.00,650.00,718.00,,29.80,57.00,34.40,7.80,2.48,,1.43,,3.97,0.60,218.00,5.70,,0.76,5.41,2.70
BR-14,44.478179,-117.352837,31-Jul-88,54.00,1.95,14.50,11.30,0.18,4.76,8.69,3.06,1.33,0.34,32.80,,80.70,37.30,39.00,,116.00,,31.00,3.19,388.00,440.00,497.00,,20.20,39.70,22.60,5.75,1.89,,0.76,,2.61,0.45,197.00,5.70,,0.77,3.35,2.30
BR-15,44.47813,-117.352803,31-Jul-88,53.90,2.35,14.10,12.30,0.20,3.85,7.79,3.62,1.45,0.48,36.30,,28.60,36.90,37.00,,145.00,,22.00,0.74,314.00,490.00,575.00,,21.90,54.00,26.30,6.47,2.24,,1.35,,3.78,0.60,211.00,5.93,,0.42,3.36,2.00
BR-16,44.48298,-117.346835,31-Jul-88,55.50,2.20,13.70,12.30,0.21,3.50,7.04,3.34,1.74,0.43,31.80,,11.20,34.80,14.00,,128.00,,50.00,1.96,330.00,630.00,657.00,,25.10,52.00,32.00,7.70,2.15,,1.28,,3.86,0.53,224.00,6.75,,0.96,5.27,2.30
BR-18,44.483965,-117.33009,31-Jul-88,52.70,2.41,14.00,12.30,0.19,4.85,8.88,3.11,1.21,0.36,34.90,,71.20,42.50,37.00,,132.00,,32.00,2.69,326.00,435.00,446.00,,19.10,51.00,26.50,6.52,2.11,,0.97,,3.50,0.48,189.00,4.93,,0.92,3.45,2.00
CVB-1,44.305644,-117.747097,31-Jul-88,55.80,2.02,14.00,12.40,0.18,3.28,6.80,3.32,1.77,0.48,30.50,,5.50,37.20,,,,,42.00,5.79,360.00,765.00,695.00,,25.90,55.30,24.90,6.39,1.94,,1.03,,3.02,0.49,,5.25,,0.84,7.55,2.80
DC-01,44.347113,-117.325785,1-Jun-94,51.10,1.93,15.40,11.50,0.19,5.24,9.25,3.33,1.55,0.50,36.60,,148.00,42.70,,,,,27.00,1.04,379.00,370.00,450.00,,14.80,35.30,21.70,5.51,1.92,,1.00,,3.16,0.45,,4.17,,0.46,1.83,1.50
DC-02,44.344754,-117.328565,1-Jun-94,51.60,1.93,14.70,11.90,0.19,5.39,9.28,3.29,1.30,0.45,37.10,,151.00,42.80,,,,,31.00,0.96,379.00,531.00,385.00,,13.90,35.60,22.70,5.59,1.88,,0.97,,3.14,0.43,,4.30,,0.47,1.71,1.30
DC-03,44.360589,-117.294764,1-Jun-94,53.90,2.21,14.00,12.50,0.20,3.67,7.59,3.32,2.12,0.52,33.40,,13.80,37.80,,,,,49.00,1.51,325.00,482.00,550.00,,21.30,52.20,27.50,6.96,2.20,,1.23,,4.11,0.58,,6.06,,0.98,2.54,1.50
IM-01,44.559963,-117.053791,28-Aug-90,50.30,1.95,17.70,10.30,0.16,5.57,9.93,3.07,0.73,0.28,26.60,,109.00,39.40,89.00,,,,22.00,1.25,401.00,240.00,283.00,,13.20,31.00,12.50,5.17,1.72,,0.99,,2.40,0.33,163.00,3.85,,0.58,1.60,0.70
IM-03,44.561287,-117.051479,28-Aug-90,54.40,2.27,13.40,13.90,0.19,3.80,6.99,3.04,1.59,0.39,34.50,,12.50,38.60,24.00,,,,40.00,0.72,304.00,570.00,592.00,,23.20,51.50,24.00,6.58,2.04,,0.96,,3.63,0.47,185.00,5.15,,0.76,4.83,1.60
IM-04,44.558151,-117.050474,28-Aug-90,55.00,2.43,13.70,12.60,0.21,3.72,7.20,3.05,1.60,0.51,33.10,,11.00,35.60,12.00,,,,44.00,1.06,313.00,550.00,602.00,,25.00,55.30,26.20,7.15,2.18,,1.14,,3.81,0.49,186.00,5.19,,0.64,4.71,1.30
IM-05,44.558143,-117.050497,28-Aug-90,52.50,1.26,15.40,10.10,0.21,6.26,10.53,2.79,0.66,0.29,42.90,,175.00,37.20,50.00,,,,14.00,1.23,330.00,305.00,331.00,,13.40,32.70,15.60,4.49,1.40,,0.64,,2.81,0.37,124.00,3.13,,0.36,1.31,0.50
IM-06,44.557709,-117.052131,28-Aug-90,51.40,2.42,14.70,11.90,0.19,5.41,9.82,2.92,0.89,0.30,36.30,,90.60,41.70,61.00,,,,25.00,1.79,360.00,310.00,333.00,,17.30,39.70,20.40,6.47,2.09,,1.22,,3.28,0.41,178.00,4.95,,0.60,1.66,0.90
IM-07,44.558952,-117.047661,28-Aug-90,53.40,1.98,14.60,12.00,0.19,5.17,7.24,3.66,1.47,0.35,35.40,,42.90,35.70,77.00,,,,39.00,1.97,341.00,545.00,585.00,,18.30,39.80,17.90,6.11,1.83,,0.90,,3.20,0.41,164.00,4.16,,0.56,2.50,1.00
IM-08,44.559642,-117.044848,28-Aug-90,55.60,2.26,13.70,12.40,0.22,3.35,6.62,3.33,1.94,0.58,33.30,,6.20,29.20,11.00,,,,48.00,0.91,305.00,785.00,796.00,,27.10,61.30,26.00,7.78,2.40,,1.25,,4.05,0.52,198.00,5.24,,0.86,5.54,1.50
IM-09,44.561433,-117.044194,28-Aug-90,55.70,1.52,14.40,10.80,0.17,4.27,8.01,3.28,1.48,0.37,36.90,,10.60,34.30,14.00,,,,33.00,2.10,370.00,715.00,740.00,,21.70,45.30,16.30,5.88,1.61,,0.81,,3.31,0.44,169.00,4.42,,0.42,2.69,0.90
IM-10,44.562369,-117.047587,28-Aug-90,56.00,2.24,13.70,12.20,0.20,3.37,6.56,3.22,1.92,0.63,31.90,,7.80,28.30,17.00,,,,55.00,1.10,295.00,720.00,715.00,,25.80,57.80,28.50,7.57,2.31,,1.25,,4.03,0.52,195.00,5.22,,0.88,5.21,1.80
IM-11,44.563059,-117.044812,28-Aug-90,55.00,1.84,14.00,12.10,0.19,4.00,7.80,3.16,1.43,0.45,37.10,,7.70,35.70,14.00,,,,35.00,3.27,393.00,630.00,671.00,,24.40,52.50,19.40,6.64,1.92,,1.01,,3.54,0.48,184.00,4.84,,0.59,3.13,0.90
IM-12,44.564678,-117.043024,28-Aug-90,54.60,1.70,14.10,11.80,0.20,4.38,7.89,3.51,1.38,0.44,37.90,,16.30,35.40,21.00,,,,33.00,1.56,364.00,,641.00,,22.90,50.20,,6.38,1.84,,0.99,,3.61,0.43,184.00,4.57,,0.55,2.82,
IM-13,44.565009,-117.042253,28-Aug-90,53.10,1.41,14.80,10.60,0.16,5.77,10.26,2.74,0.84,0.37,40.90,,80.10,37.20,30.00,,,,17.00,0.76,389.00,340.00,393.00,,16.30,36.50,20.50,4.92,1.52,,0.76,,2.76,0.37,138.00,3.46,,0.43,1.50,0.40
IM-14,44.566167,-117.041406,28-Aug-90,55.10,2.23,14.00,12.50,0.18,3.75,6.53,3.35,1.89,0.44,32.90,,12.10,35.50,18.00,,,,49.00,1.74,299.00,685.00,712.00,,24.60,56.10,29.20,7.23,2.15,,1.16,,3.95,0.51,192.00,5.83,,0.73,5.18,1.90
IM-16,44.568677,-117.033196,28-Aug-90,55.60,1.80,14.40,11.30,0.18,4.14,7.67,3.27,1.39,0.27,33.90,,9.20,39.00,15.00,,,,37.00,0.84,331.00,535.00,573.00,,19.20,43.80,18.90,5.70,1.79,,0.95,,2.80,0.38,171.00,4.76,,0.71,4.68,1.80
IM-18,44.536641,-117.060035,29-Aug-90,52.30,2.35,13.80,13.30,0.23,4.50,9.19,3.01,0.93,0.34,39.00,,43.60,43.10,33.00,,,,25.00,3.53,283.00,325.00,369.00,,16.70,38.70,24.60,6.69,2.13,,1.26,,3.79,0.51,198.00,5.32,,0.66,1.94,0.50
IM-19,44.534816,-117.065889,29-Aug-90,50.70,1.92,18.20,9.50,0.13,5.31,10.20,3.10,0.66,0.26,27.00,,123.00,41.00,97.00,,,,15.00,0.80,412.00,235.00,258.00,,12.40,30.40,17.70,4.76,1.74,,0.79,,2.38,0.31,143.00,3.78,,0.57,1.62,0.20
IM-20,44.535175,-117.065004,29-Aug-90,54.80,2.14,13.60,13.00,0.19,3.68,7.11,3.43,1.74,0.41,33.80,,9.60,38.70,10.00,,,,44.00,1.39,283.00,600.00,639.00,,23.50,49.10,25.60,6.61,1.98,,1.18,,3.39,0.49,195.00,4.85,,0.65,4.29,1.40
IM-21,44.536939,-117.065121,29-Aug-90,54.40,1.61,14.00,12.50,0.18,4.46,7.90,3.21,1.29,0.39,36.90,,14.80,33.00,19.00,,,,28.00,1.31,317.00,645.00,525.00,,20.90,43.90,23.50,5.80,1.70,,0.96,,3.48,0.45,146.00,4.18,,0.55,2.72,0.70
IM-24,44.542091,-117.037362,29-Aug-90,55.50,1.88,14.00,11.60,0.19,3.81,7.80,3.18,1.69,0.33,32.70,,21.60,33.50,26.00,,,,47.00,2.24,315.00,645.00,639.00,,23.10,46.80,23.50,6.13,1.78,,1.21,,3.17,0.47,183.00,4.64,,0.70,4.36,1.50
IM-25,44.538287,-117.040866,29-Aug-90,54.90,2.33,14.00,12.50,0.17,3.59,6.70,3.21,2.08,0.44,30.30,,9.30,32.20,18.00,,,,59.00,1.11,296.00,725.00,753.00,,26.40,52.00,30.30,7.41,1.93,,1.27,,3.69,0.48,221.00,5.20,,0.76,4.91,1.50
LLO-01,Little Lookout Mtn,28-May-94,,55.20,2.13,13.80,12.80,0.19,3.84,6.93,3.32,1.45,0.35,33.20,,20.70,35.60,11.00,,142.00,,32.00,0.82,290.00,615.00,652.00,,21.40,48.00,22.80,6.39,2.07,,0.97,,3.64,0.54,165.00,5.88,,0.69,3.86,2.40
LLO-02,Little Lookout Mtn,28-May-94,,54.80,2.13,13.80,12.90,0.21,3.93,7.51,3.34,1.42,0.00,34.70,,22.60,36.20,16.00,,129.00,,32.00,0.93,305.00,605.00,633.00,,21.60,42.00,25.70,6.49,2.09,,1.30,,3.83,0.54,,4.56,,0.57,4.02,2.40
LLO-03,Little Lookout Mtn,28-May-94,,54.80,2.69,13.70,12.70,0.19,3.75,6.99,3.26,1.58,0.35,32.60,,19.00,33.80,11.00,,140.00,,39.00,1.23,275.00,575.00,640.00,,21.10,35.00,27.70,6.57,1.98,,1.01,,3.69,0.55,176.00,5.59,,0.75,3.88,2.40
LLO-04,Little Lookout Mtn,28-May-94,,54.80,2.38,13.80,12.00,0.19,4.02,7.72,3.05,1.60,0.34,31.80,,45.90,41.80,60.00,,135.00,,33.00,0.56,378.00,530.00,613.00,,22.60,48.00,27.80,6.79,2.10,,1.27,,3.33,0.47,181.00,5.96,,0.93,4.55,1.80
LLO-05,Little Lookout Mtn,28-May-94,,53.90,2.09,14.00,12.40,0.21,4.18,8.24,2.72,1.75,0.47,36.70,,44.40,36.00,17.00,,126.00,,26.00,3.03,345.00,520.00,542.00,,19.20,47.00,27.20,6.39,1.94,,0.69,,3.76,0.55,164.00,4.96,,0.55,3.10,2.70
LLO-09,Little Lookout Mtn,31-May-94,,56.40,2.38,13.40,12.60,0.19,2.78,6.52,3.45,1.71,0.58,28.60,,8.20,33.80,10.00,,140.00,,51.00,0.87,306.00,660.00,702.00,,25.50,58.00,34.00,7.89,2.33,,1.40,,4.05,0.51,197.00,6.39,,0.99,5.32,2.00
LLO-12,Little Lookout Mtn,31-May-94,,51.10,2.56,14.50,13.20,0.22,4.86,8.97,3.12,1.05,0.35,35.00,,84.10,43.10,44.00,,130.00,,15.00,1.46,361.00,395.00,423.00,,18.30,32.60,24.50,6.88,2.15,,1.21,,3.78,0.55,189.00,6.47,,0.82,2.28,3.30
MC-01,44.610071,-116.927481,17-Jun-92,49.50,2.84,15.90,12.50,0.18,5.10,8.80,3.57,1.15,0.47,27.60,,101.00,42.60,104.00,,,,32.00,0.67,379.00,455.00,454.00,,23.90,52.60,32.10,8.01,2.30,,1.34,,3.48,0.45,246.00,6.27,,1.14,3.03,1.00
MC-02,44.610123,-116.927628,17-Jun-92,49.30,2.82,15.60,12.70,0.19,5.59,8.92,3.37,1.00,0.44,28.80,,109.00,45.80,145.00,,,,20.00,0.37,387.00,455.00,452.00,,22.40,53.30,30.40,7.69,2.26,,1.28,,3.50,0.50,218.00,6.17,,1.03,2.65,1.20
MC-03,44.610295,-116.954391,17-Jun-92,55.80,2.11,13.80,12.40,0.19,3.09,6.84,3.49,1.85,0.42,29.60,,4.20,33.90,14.00,,,,51.00,2.75,303.00,735.00,728.00,,25.30,52.10,23.00,6.81,1.88,,1.10,,3.65,0.49,186.00,5.07,,0.76,5.50,1.90
MC-04,44.605936,-116.962412,17-Jun-92,53.80,2.30,14.20,12.00,0.20,4.12,8.10,3.36,1.50,0.43,32.20,,33.60,36.90,39.00,,,,41.00,2.19,337.00,585.00,633.00,,21.40,46.50,24.60,6.41,1.96,,1.21,,3.28,0.45,196.00,5.14,,0.76,3.52,1.60
MC-05,44.574717,-116.953683,17-Jun-92,53.80,2.30,14.20,12.00,0.19,4.32,8.11,3.29,1.44,0.42,32.80,,34.90,38.00,38.00,,,,38.00,1.14,346.00,515.00,555.00,,23.20,48.80,25.20,6.87,1.99,,1.33,,3.30,0.44,203.00,5.38,,0.86,4.09,1.50
MC-06,44.574557,-116.947214,17-Jun-92,54.10,2.32,13.70,12.80,0.20,3.90,7.71,3.44,1.45,0.36,33.50,,12.90,37.30,18.00,,,,56.00,1.59,311.00,550.00,515.00,,22.30,47.00,26.70,7.06,2.06,,1.26,,3.64,0.52,206.00,5.54,,0.80,4.04,1.20
MC-07,44.5786,-116.939711,17-Jun-92,51.00,2.52,15.00,12.60,0.19,4.62,9.07,3.46,1.08,0.41,32.40,,80.60,37.70,38.00,,,,31.00,0.40,319.00,415.00,396.00,,20.90,43.70,28.30,7.30,2.06,,1.28,,3.83,0.51,207.00,5.51,,0.86,2.28,0.90
MC-08,44.538909,-116.973882,18-Jun-92,56.80,2.07,13.80,11.60,0.15,3.27,6.12,3.76,1.99,0.41,29.80,,9.10,32.00,8.00,,,,58.00,1.11,306.00,780.00,801.00,,27.60,55.50,27.80,6.97,1.95,,1.14,,3.42,0.48,213.00,5.60,,0.80,6.51,1.90
MC-10,44.514558,-116.95804,18-Jun-92,53.90,1.99,15.00,10.30,0.17,4.80,9.48,2.85,1.13,0.30,34.50,,99.00,41.70,26.00,,,,,1.11,379.00,440.00,401.00,,17.50,38.10,20.80,5.50,1.79,,0.96,,2.69,0.34,151.00,4.24,,0.63,2.76,1.30
MC-11,44.516683,-116.950547,18-Jun-92,54.90,2.26,14.40,12.00,0.19,3.46,7.60,3.15,1.70,0.37,32.60,,16.80,35.20,9.00,,,,,1.43,322.00,605.00,572.00,,23.50,50.80,27.50,7.14,2.07,,1.25,,3.85,0.52,195.00,5.80,,0.88,4.25,1.40
MC-12,44.523569,-116.950652,18-Jun-92,54.60,2.22,14.40,12.20,0.19,3.58,7.64,3.24,1.56,0.39,30.90,,17.10,33.30,13.00,,,,,1.36,329.00,590.00,567.00,,22.40,46.30,26.80,6.88,2.02,,1.32,,3.65,0.50,183.00,5.52,,0.85,3.96,1.60
MC-13,44.54594,-116.944475,18-Jun-92,54.70,2.31,13.70,12.70,0.20,3.84,7.62,3.14,1.46,0.40,32.80,,13.90,36.60,15.00,,,,,2.23,316.00,585.00,516.00,,21.30,45.90,29.90,7.09,1.96,,1.03,,3.51,0.52,205.00,5.41,,0.78,3.96,2.20
MC-15,44.533472,-116.944793,18-Jun-92,56.00,2.15,13.80,11.60,0.20,3.67,7.26,2.94,2.02,0.35,32.60,,9.70,36.10,14.00,,,,,1.35,316.00,645.00,583.00,,23.90,50.70,28.20,7.14,2.01,,1.30,,4.08,0.56,182.00,5.70,,0.81,4.22,2.10
MCX-1,44.51552,-116.9589,3-Jun-96,56.80,2.33,14.80,10.30,0.17,3.52,6.39,3.51,1.82,0.38,34.10,,23.50,35.00,20.00,,,,39.00,1.96,381.00,680.00,714.00,,22.50,50.70,39.40,6.38,1.98,,1.13,,3.08,0.55,206.00,5.47,,0.68,3.64,1.30
MCX-2,44.51552,-116.9589,3-Jun-96,55.60,2.11,14.70,11.10,0.16,4.00,7.25,3.29,1.49,0.32,27.60,,15.80,37.80,19.00,,,,34.00,0.75,375.00,570.00,660.00,,21.90,49.00,34.60,6.43,1.88,,1.03,,2.36,0.42,206.00,5.40,,0.74,4.58,1.70
MCX-3,44.51552,-116.9589,3-Jun-96,55.50,2.04,14.60,10.80,0.16,4.08,7.36,3.67,1.46,0.29,27.60,,16.10,37.50,16.00,,,,39.00,0.66,382.00,550.00,666.00,,22.30,50.30,25.40,6.31,1.91,,0.99,,2.49,0.42,209.00,5.36,,0.73,4.79,1.30
MCX-4,44.51552,-116.9589,3-Jun-96,55.60,1.98,14.60,10.70,0.16,4.33,7.46,3.36,1.47,0.30,28.30,,16.20,37.00,14.00,,110.00,,45.00,0.61,381.00,595.00,654.00,,21.90,49.20,26.40,6.40,1.89,,1.01,,2.85,0.41,201.00,5.28,,0.74,4.97,1.60
MCX-5,44.51552,-116.9589,3-Jun-96,56.20,2.43,15.40,10.40,0.23,3.36,6.43,3.54,1.62,0.38,36.60,,24.40,40.50,21.00,,201.00,,48.00,2.11,394.00,685.00,732.00,,22.00,52.40,27.90,6.82,2.13,,1.33,,2.91,0.45,213.00,5.95,,0.93,4.55,1.50
MCX-6,44.51552,-116.9589,3-Jun-96,55.30,2.07,14.80,11.10,0.14,4.04,7.40,3.30,1.55,0.31,27.90,,15.60,35.70,9.00,,119.00,,36.00,0.73,378.00,580.00,655.00,,21.40,48.10,25.80,6.18,1.91,,0.99,,2.79,0.41,198.00,5.16,,0.82,4.72,1.30
MCX-7,44.51552,-116.9589,3-Jun-96,54.60,2.05,13.50,10.60,0.14,5.37,7.32,4.60,1.47,0.39,28.70,,21.10,35.90,,,128.00,,27.00,0.70,383.00,610.00,678.00,,22.30,48.20,25.40,6.14,1.90,,0.91,,3.11,0.40,203.00,5.46,,1.00,4.63,2.00
NM-1,"NE1/4 sec 16, T.18N. R.1E.",17-Jul-94,,55.10,2.18,13.90,12.40,0.21,3.88,7.10,3.38,1.47,0.34,32.40,,10.50,36.70,22.00,,132.00,,29.00,0.83,336.00,560.00,654.00,,22.30,48.00,26.40,6.82,2.11,,1.05,,3.74,0.52,203.00,5.31,,0.81,4.34,1.60
PM-01,44.429596,-117.529834,30-Jul-88,55.70,2.03,13.80,12.60,0.20,3.14,6.47,3.72,1.76,0.55,33.90,,2.00,32.20,,,,,43.00,1.38,307.00,650.00,703.00,,23.60,56.50,27.10,7.60,2.18,,1.13,,4.63,0.65,,5.66,,0.85,4.61,1.40
PM-02,44.430966,-117.519718,30-Jul-88,55.30,2.00,13.10,14.20,0.30,1.97,6.29,3.59,2.20,1.02,52.40,,2.00,12.60,,,,,55.00,2.30,329.00,1210.00,1175.00,,37.60,83.20,41.10,11.31,4.51,,1.66,,6.56,0.96,,7.18,,1.16,5.60,1.00
PM-03,44.431054,-117.519598,30-Jul-88,54.00,2.25,13.60,13.40,0.19,3.66,6.97,3.27,2.03,0.55,34.90,,11.20,38.30,,,,,39.00,16.20,293.00,680.00,688.00,,25.80,55.80,25.50,7.06,2.17,,1.03,,4.22,0.52,,5.20,,0.75,5.98,1.60
PM-04,44.43117,-117.519397,30-Jul-88,53.90,2.21,13.70,13.30,0.18,3.79,7.20,3.24,1.96,0.55,34.70,,14.10,37.90,,,,,48.00,1.58,294.00,660.00,661.00,,24.90,52.60,23.20,6.94,2.07,,0.86,,4.29,0.54,,5.04,,0.71,5.63,1.50
PM-05,44.431496,-117.517746,30-Jul-88,54.20,2.14,13.60,13.80,0.19,3.50,7.19,3.52,1.39,0.46,35.70,,11.30,38.70,,,,,45.00,1.29,312.00,650.00,606.00,,21.80,49.70,24.70,6.72,2.16,,1.00,,4.31,0.51,,5.54,,0.82,4.33,2.00
PM-06,44.431558,-117.516738,30-Jul-88,53.20,2.13,13.60,13.80,0.22,3.97,7.09,3.57,1.80,0.68,36.80,,15.80,36.80,,,,,38.00,1.25,300.00,610.00,666.00,,23.80,50.70,25.10,6.77,2.03,,0.69,,3.97,0.50,,4.45,,0.48,4.50,1.70
PM-07,44.431046,-117.514798,30-Jul-88,54.30,1.94,13.70,12.80,0.20,3.95,7.39,3.34,2.05,0.43,36.60,,10.90,38.30,,,,,46.00,,282.00,660.00,669.00,,22.40,47.50,25.30,6.03,1.83,,1.19,,3.73,0.49,,4.96,,0.82,4.89,1.60
PM-08,44.431006,-117.510845,30-Jul-88,54.10,1.93,13.70,13.00,0.20,3.93,7.31,3.42,1.98,0.44,33.40,,6.80,36.80,,,,,40.00,1.19,281.00,580.00,699.00,,23.20,49.70,24.70,6.55,2.10,,0.96,,3.76,0.46,,5.58,,0.82,5.30,2.10
PM-09,44.431491,-117.50588,30-Jul-88,53.40,2.02,14.00,12.80,0.20,4.28,7.85,3.44,1.66,0.39,36.30,,14.80,38.30,,,,,37.00,0.52,382.00,540.00,577.00,,18.30,37.00,18.80,5.53,1.80,,0.82,,3.93,0.42,,4.15,,0.59,3.84,1.40
PM-10,44.432132,-117.504635,30-Jul-88,54.10,2.11,13.90,12.90,0.17,4.10,7.63,3.33,1.32,0.44,33.70,,8.00,37.40,,,,,26.00,0.84,323.00,500.00,525.00,,20.00,40.60,22.60,6.04,1.91,,0.93,,3.57,0.43,,4.72,,0.76,3.92,1.60
PM-11,44.434169,-117.501546,30-Jul-88,53.20,1.96,13.90,13.10,0.20,4.17,8.00,3.60,1.38,0.54,37.40,,16.60,38.50,,,,,19.00,0.73,311.00,590.00,598.00,,19.90,40.90,22.40,5.96,1.87,,0.85,,3.80,0.45,,4.64,,0.65,3.57,1.20
PM-12,44.434378,-117.500056,30-Jul-88,55.40,1.95,14.00,12.00,0.19,3.54,7.25,3.18,2.07,0.50,31.10,,5.50,33.30,,,,,56.00,1.64,289.00,650.00,621.00,,22.10,45.00,23.60,6.33,1.84,,0.73,,3.69,0.45,,4.78,,0.68,5.60,1.90
PM-13,Pedro Mtn.,,30-Jul-88,54.20,1.91,14.10,12.10,0.18,4.43,7.71,3.29,1.78,0.41,34.30,,21.30,36.90,,,,,31.00,1.42,348.00,480.00,529.00,,18.40,39.30,20.30,5.90,1.86,,0.70,,3.26,0.42,,4.58,,0.70,3.88,1.90
PM-14,Pedro Mtn.,,30-Jul-88,54.60,2.13,14.10,12.40,0.18,3.65,7.38,3.27,1.77,0.50,32.90,,4.30,36.20,,,,,46.00,1.30,336.00,520.00,581.00,,21.20,45.30,23.70,6.60,2.10,,1.14,,3.74,0.47,,5.21,,0.77,4.11,1.30
PM-15,Pedro Mtn.,,30-Jul-88,52.80,1.96,14.70,11.90,0.18,4.87,9.02,2.88,1.23,0.42,34.40,,66.10,39.50,,,,,27.00,1.61,332.00,400.00,422.00,,16.40,34.00,19.40,5.46,1.76,,0.86,,3.13,0.40,,4.06,,0.66,2.98,1.10
PM-16,Pedro Mtn.,,1-Jun-94,55.60,1.90,14.10,11.70,0.17,3.64,6.97,3.44,1.92,0.53,30.20,,4.70,34.10,,,,,46.00,1.95,293.00,605.00,646.00,,22.10,47.30,25.30,6.42,1.90,,0.89,,3.40,0.48,,5.14,,0.76,6.82,2.90
SC-01,44.604608,-116.996751,30-Aug-90,56.10,2.22,13.60,12.20,0.24,3.34,6.64,3.50,1.72,0.49,32.40,,4.30,31.30,8.00,,,,41.00,0.79,320.00,640.00,691.00,,23.30,51.20,25.30,6.96,2.21,,0.95,,4.02,0.52,203.00,5.04,,0.92,4.75,1.20
SC-02,44.610217,-116.988254,30-Aug-90,56.30,2.25,13.80,11.80,0.19,2.77,6.58,3.67,2.05,0.53,28.90,,6.10,28.10,52.00,,,,42.00,8.36,354.00,750.00,734.00,,25.60,56.40,28.10,6.61,2.13,,0.94,,3.10,0.44,181.00,4.68,,0.69,6.58,2.00
SC-03,44.60884,-116.992227,30-Aug-90,54.80,1.73,14.40,12.00,0.18,4.66,7.88,2.84,1.33,0.26,31.60,,8.20,34.00,10.00,,,,45.00,0.72,324.00,570.00,597.00,,24.70,54.50,25.60,6.71,1.98,,0.96,,4.17,0.44,175.00,5.24,,0.86,6.23,1.70
SC-04,44.607323,-116.996789,30-Aug-90,56.40,2.15,14.00,12.00,0.21,3.50,6.77,2.84,1.75,0.37,33.50,,19.10,34.50,8.00,,,,39.00,1.00,335.00,440.00,707.00,,15.30,35.00,18.90,5.12,1.62,,0.66,,3.02,0.38,194.00,4.05,,0.67,3.90,1.20
SC-05,44.608082,-116.998638,30-Aug-90,56.40,2.20,14.10,11.00,0.21,3.62,7.09,3.03,1.89,0.38,35.60,,67.00,35.10,36.00,,,,25.00,2.05,358.00,420.00,432.00,,15.90,33.10,16.90,4.76,1.50,,0.67,,2.99,0.37,143.00,3.54,,0.54,2.97,0.70
SC-06,44.608756,-116.999464,30-Aug-90,54.00,1.64,14.70,10.40,0.19,5.34,9.82,2.57,1.09,0.27,32.00,,9.50,31.80,13.00,,,,43.00,2.59,315.00,635.00,640.00,,18.40,40.20,21.90,5.61,1.76,,0.85,,3.53,0.41,182.00,4.28,,0.63,3.82,1.30
SC-07,44.607492,-117.000565,30-Aug-90,55.30,2.26,13.40,12.70,0.21,3.25,7.20,3.63,1.63,0.40,33.10,,4.40,31.90,,,,,44.00,3.76,313.00,675.00,659.00,,21.60,47.50,28.00,6.69,2.05,,1.01,,4.03,0.48,189.00,5.05,,0.85,4.39,1.50
SC-08,44.606986,-117.000762,30-Aug-90,56.00,2.29,13.50,12.30,0.22,3.23,6.99,3.40,1.66,0.43,33.20,,5.00,31.20,2.00,,,,41.00,0.74,316.00,685.00,691.00,,23.50,51.40,28.30,7.20,2.13,,1.05,,4.52,0.55,205.00,5.34,,0.76,4.68,1.50
SC-09,44.606789,-117.001273,30-Aug-90,56.50,2.24,13.50,12.40,0.21,3.25,6.40,3.30,1.76,0.42,31.90,,2.00,29.50,3.00,,,,49.00,0.98,299.00,735.00,728.00,,24.50,56.10,31.70,7.73,2.37,,1.14,,4.40,0.55,225.00,5.46,,0.98,5.20,1.40
SC-10,44.608868,-116.997418,30-Aug-90,56.80,2.42,13.40,12.90,0.20,3.01,5.65,3.27,1.90,0.51,34.20,,101.00,38.00,52.00,,,,20.00,2.25,429.00,380.00,409.00,,13.60,33.50,20.70,5.07,1.44,,0.66,,2.77,0.32,154.00,3.68,,0.59,2.47,0.70
SC-11,44.610667,-116.995176,30-Aug-90,48.00,2.33,14.70,11.10,0.13,7.49,10.54,2.61,2.13,0.96,20.60,,285.00,41.10,21.00,,154.00,,14.00,6.42,2328.00,1710.00,1790.00,,55.30,125.00,65.50,10.40,2.56,,0.73,,1.16,0.11,153.00,3.82,,0.78,4.30,1.60
SC-12,44.612915,-116.99734,30-Aug-90,54.20,2.05,14.50,11.60,0.19,4.17,8.37,3.27,1.16,0.39,34.90,,34.40,31.50,16.00,,,,,4.07,317.00,535.00,539.00,,19.70,42.40,26.00,6.86,1.86,,1.23,,3.76,0.52,171.00,4.80,,0.56,2.47,1.40
SC-13,44.61328,-116.996317,30-Aug-90,54.40,2.09,14.30,12.00,0.20,4.10,7.97,3.33,1.30,0.34,35.70,,39.20,32.20,18.00,,124.00,,37.00,3.59,308.00,510.00,589.00,,19.80,39.30,26.20,6.73,1.98,,1.25,,4.14,0.58,181.00,5.46,,0.72,3.08,3.00
SC-14,44.61328,-116.995923,30-Aug-90,54.80,1.96,14.80,10.40,0.17,4.48,8.84,3.08,1.20,0.24,29.20,,42.80,38.00,10.00,,119.00,,35.00,3.02,372.00,450.00,476.00,,17.90,34.00,21.90,5.54,1.72,,0.98,,2.77,0.36,160.00,4.11,,0.87,3.96,3.00
SC-15,44.612437,-117.00438,30-Aug-90,55.10,1.88,14.20,11.80,0.17,4.54,7.43,3.42,1.18,0.27,45.40,,16.10,46.80,9.00,,,,,1.47,298.00,505.00,552.00,,18.40,50.90,23.10,5.60,2.27,,1.36,,3.13,0.41,149.00,5.36,,0.80,4.15,1.80
SC-16,44.613082,-117.016016,30-Aug-90,53.50,1.86,14.90,10.40,0.17,5.40,9.65,2.87,1.05,0.24,33.50,,5.60,33.20,6.00,,,,32.00,,331.00,550.00,698.00,,24.80,50.90,27.30,7.16,2.23,,1.18,,3.87,0.55,208.00,5.81,,0.75,4.21,1.30
SC-17,44.608165,-117.016172,30-Aug-90,53.70,2.30,12.20,,0.21,4.28,7.03,2.96,1.36,0.55,32.80,,5.70,32.20,2.00,,,,33.00,0.95,318.00,554.00,661.00,,24.60,49.00,27.00,7.15,2.35,,1.03,,3.92,0.55,207.00,5.32,,0.78,3.88,1.60
SC-18,44.606704,-117.016565,30-Aug-90,55.40,2.11,13.70,12.60,0.20,3.77,7.17,3.12,1.56,0.40,32.80,,12.90,35.40,9.00,,121.00,,32.00,1.20,285.00,505.00,613.00,,21.10,34.00,21.50,6.24,1.97,,1.04,,3.19,0.46,162.00,5.26,,0.65,4.56,3.00
SC-19,44.605861,-117.015345,30-Aug-90,53.50,1.75,14.30,11.70,0.20,5.12,9.36,2.98,0.71,0.36,39.80,,43.10,35.10,,,100.00,,16.00,0.58,392.00,400.00,447.00,,19.90,47.00,24.00,5.85,1.89,,0.95,,3.30,0.48,147.00,4.41,,0.45,1.27,2.20
SR-01,44.489889,-117.210581,1-Aug-88,56.10,1.23,15.40,9.10,0.19,4.41,8.80,3.12,1.36,0.31,32.80,,113.00,28.60,25.00,,102.00,,29.00,0.57,332.00,535.00,560.00,,17.20,38.00,19.50,5.07,1.51,,0.73,,3.07,0.48,128.00,4.00,,0.48,1.74,2.20
SR-02,44.528346,-117.177583,1-Aug-88,54.20,2.16,13.90,12.50,0.17,4.38,7.67,3.30,1.30,0.42,35.20,,32.70,38.20,25.00,,128.00,,31.00,0.63,345.00,515.00,529.00,,19.10,52.00,23.10,6.19,1.91,,1.23,,3.28,0.50,153.00,4.88,,0.58,3.15,1.70
SR-03,44.53433,-117.165792,1-Aug-88,55.90,2.33,14.00,12.70,0.19,2.71,6.70,3.22,1.79,0.42,29.00,,10.70,32.10,20.00,,144.00,,31.00,1.34,382.00,645.00,675.00,,25.40,54.00,26.20,6.76,2.08,,1.01,,3.02,0.45,154.00,4.90,,0.68,6.42,2.20
SR-04,44.557332,-117.146649,1-Aug-88,52.50,1.45,14.80,10.80,0.19,6.11,10.62,2.73,0.55,0.32,44.60,,186.00,36.80,30.00,,96.00,,11.00,0.14,394.00,295.00,315.00,,14.70,39.00,18.30,4.83,1.56,,0.72,,2.85,0.42,108.00,3.14,,0.53,0.38,1.20
SR-05,44.557558,-117.146785,1-Aug-88,52.40,1.49,14.70,11.10,0.19,5.85,10.64,2.84,0.56,0.30,42.90,,124.00,35.10,20.00,,,,15.00,3.60,415.00,325.00,358.00,,15.40,33.40,23.80,4.81,1.55,,0.78,,3.24,0.44,118.00,3.06,,0.57,0.44,0.60
SR-08,44.577173,-117.139471,1-Aug-88,52.80,1.93,15.40,11.00,0.20,4.94,9.58,2.93,0.90,0.29,33.50,,69.60,35.10,32.00,,,,18.00,1.25,331.00,340.00,345.00,,16.10,34.90,21.10,5.48,1.71,,0.84,,3.10,0.45,169.00,4.55,,0.71,2.35,0.40
SR-11,44.577806,-117.136999,1-Aug-88,55.70,2.26,13.80,12.50,0.20,3.48,7.01,3.30,1.43,0.32,31.50,,4.20,34.00,5.00,,,,36.00,1.04,340.00,550.00,580.00,,23.10,50.10,28.30,6.79,2.17,,1.28,,3.89,0.51,168.00,5.15,,0.94,4.30,1.50
SR-13,44.598732,-117.129246,1-Aug-88,52.80,1.87,16.30,10.20,0.15,4.69,10.11,2.81,0.80,0.32,28.20,,77.60,34.70,88.00,,95.00,,21.00,3.48,393.00,330.00,376.00,,16.70,40.00,21.20,5.45,1.84,,0.94,,2.63,0.39,150.00,4.43,,0.67,2.44,1.30
SR-14,44.600864,-117.128912,1-Aug-88,55.60,2.25,13.60,12.60,0.20,3.54,7.18,3.22,1.46,0.35,31.60,,5.40,36.20,6.00,,144.00,,26.00,1.07,329.00,540.00,585.00,,22.50,52.00,26.20,7.06,2.13,,1.22,,3.28,0.52,193.00,5.95,,0.86,4.26,1.90
SR-15,44.609474,-117.12634,1-Aug-88,52.90,1.90,15.20,11.30,0.19,4.92,9.92,2.80,0.69,0.23,37.80,,104.00,43.40,29.00,,100.00,,,1.93,284.00,280.00,299.00,,12.50,32.50,17.50,5.03,1.80,,1.00,,2.99,0.46,128.00,4.52,,0.47,1.60,0.80
SR-17,44.609621,-117.125255,1-Aug-88,53.20,1.84,16.30,9.80,0.14,4.69,10.03,2.84,0.83,0.29,29.10,,76.80,33.40,21.00,,110.00,,13.00,2.18,372.00,337.00,360.00,,16.00,34.00,21.00,5.50,1.73,,0.85,,2.67,0.37,117.00,4.07,,0.68,2.04,1.30
SR-18,44.609742,-117.124814,1-Aug-88,52.30,1.85,14.90,12.00,0.21,5.12,10.17,2.65,0.66,0.21,38.90,,119.00,43.60,30.00,,103.00,,12.00,2.28,280.00,250.00,262.00,,12.20,19.00,17.60,5.06,1.79,,0.99,,3.17,0.45,110.00,4.14,,0.58,1.48,1.30
SR-20,44.599187,-117.1318,2-Aug-88,55.90,2.09,13.70,12.60,0.16,3.65,6.99,2.97,1.58,0.36,32.40,,16.70,39.30,7.00,,121.00,,45.00,1.10,304.00,525.00,569.00,,22.00,50.00,24.10,5.80,1.75,,1.07,,3.15,0.46,145.00,5.66,,0.62,5.31,2.00
SR-25,44.611771,-117.126199,2-Aug-88,51.60,1.82,15.90,11.40,0.16,5.61,10.23,2.39,0.54,0.33,33.80,,168.00,41.80,37.00,,91.00,,8.00,1.47,334.00,245.00,258.00,,11.50,13.00,16.50,4.78,1.76,,0.83,,2.70,0.41,122.00,2.98,,0.43,1.30,1.60
SR-26,44.611917,-117.125792,2-Aug-88,53.30,1.72,14.00,11.80,0.20,5.39,9.51,2.97,0.77,0.39,44.30,,73.70,36.50,23.00,,123.00,,2.00,0.38,372.00,400.00,466.00,,18.10,39.00,21.00,5.70,1.72,,0.74,,3.29,0.50,145.00,3.66,,0.51,1.48,1.90
SR-28,44.612546,-117.124491,2-Aug-88,52.80,1.81,16.40,10.00,0.14,5.14,9.75,3.00,0.81,0.26,29.00,,67.70,32.50,31.00,,,,17.00,1.98,406.00,350.00,401.00,,16.60,35.10,21.10,5.16,1.64,,0.88,,2.73,0.35,165.00,4.52,,0.67,2.59,0.90
SR-32,44.628539,-117.118324,2-Aug-88,52.10,1.41,15.30,10.20,0.17,5.90,11.11,2.95,0.56,0.33,43.60,,269.00,38.10,35.00,,100.00,,11.00,1.26,397.00,290.00,363.00,,13.50,27.80,18.10,4.57,1.52,,0.99,,2.70,0.40,103.00,3.16,,0.41,0.49,1.30
SR-34,44.630384,-117.114562,2-Aug-88,52.10,1.73,15.00,12.00,0.19,5.14,10.08,2.86,0.65,0.19,40.10,,92.60,41.90,28.00,,82.00,,6.00,1.04,240.00,225.00,255.00,,11.10,20.00,15.60,4.74,1.56,,0.62,,3.22,0.46,123.00,3.93,,0.28,1.67,2.00
SRX-10,44.6087,-117.12515,2-Jun-96,52.60,2.31,13.60,13.50,0.21,4.84,8.54,3.02,1.04,0.33,40.30,,30.50,45.50,,,59.00,,12.00,2.11,320.00,380.00,440.00,,16.30,41.20,23.70,6.36,1.94,,1.18,,4.21,0.56,191.00,5.26,,0.62,2.48,1.30
SRX-11,44.6087,-117.12515,2-Jun-96,53.00,2.30,13.70,13.10,0.20,4.85,8.31,3.09,1.02,0.35,39.70,,23.90,42.90,,,130.00,,32.00,3.28,316.00,400.00,453.00,,16.40,41.50,25.00,6.45,2.10,,1.14,,4.25,0.56,195.00,5.44,,0.75,2.11,1.50
SRX-12,44.6087,-117.12515,2-Jun-96,52.20,2.27,14.00,13.00,0.19,5.42,8.89,2.84,0.83,0.35,41.80,,111.00,44.30,,,53.00,,27.00,2.67,322.00,365.00,434.00,,15.30,37.20,22.00,6.00,1.96,,1.00,,3.83,0.53,190.00,4.89,,0.79,1.85,1.20
SRX-13,44.6087,-117.12515,2-Jun-96,51.30,1.96,15.30,11.50,0.18,5.57,9.61,3.50,0.77,0.28,39.00,,161.00,43.80,,,48.00,,9.00,2.32,328.00,365.00,403.00,,12.80,31.90,20.10,5.17,1.70,,1.07,,3.28,0.47,163.00,4.22,,0.57,1.76,0.80
SRX-14,44.6087,-117.12515,2-Jun-96,52.10,1.82,15.10,12.00,0.19,5.10,9.76,2.88,0.79,0.28,40.80,,98.00,43.80,,,48.00,,9.00,2.60,292.00,255.00,312.00,,12.90,31.60,20.00,5.28,1.62,,0.86,,3.33,0.50,159.00,4.35,,0.68,1.82,1.30
SRX-15,44.6087,-117.12515,2-Jun-96,52.40,1.88,16.40,10.20,0.15,4.74,10.05,3.01,0.81,0.29,27.90,,56.40,33.00,21.00,,98.00,,15.00,1.12,420.00,315.00,387.00,,16.10,36.80,26.60,5.46,1.69,,0.81,,2.46,0.36,175.00,4.22,,0.53,2.03,0.80
SRX-16,44.6087,-117.12515,2-Jun-96,53.00,1.71,14.00,11.80,0.22,5.47,9.50,3.06,0.82,0.39,44.60,,50.30,27.30,25.00,,103.00,,13.00,0.46,384.00,430.00,528.00,,18.80,43.30,29.80,5.97,1.84,,1.09,,3.33,0.54,167.00,4.29,,0.44,1.36,1.00
SRX-17,44.6087,-117.12515,2-Jun-96,53.10,1.72,14.30,11.50,0.19,5.48,9.29,3.09,0.87,0.40,45.70,,51.00,37.00,30.00,,,,24.00,0.26,384.00,475.00,556.00,,19.00,43.40,30.10,6.10,1.87,,0.99,,3.17,0.52,170.00,4.33,,0.39,0.97,0.90
SRX-18,44.6087,-117.12515,2-Jun-96,53.20,1.69,14.10,11.60,0.20,5.34,9.50,3.12,0.81,0.39,45.40,,52.10,37.00,33.00,,112.00,,17.00,0.89,395.00,490.00,547.00,,18.80,44.30,25.10,5.76,0.37,,1.31,,3.29,0.53,165.00,4.29,,0.44,1.54,0.70
SRX-19,44.6087,-117.12515,2-Jun-96,52.80,1.70,14.10,11.90,0.21,5.50,9.48,3.00,1.00,0.38,44.10,,51.60,36.30,21.00,,,,26.00,1.05,384.00,450.00,542.00,,18.40,42.80,30.20,5.77,1.80,,1.22,,3.35,0.53,164.00,4.08,,0.45,1.09,0.70
UTG-01,44.459208,-117.413681,1-Jun-94,53.70,2.41,13.90,12.60,0.21,4.10,7.99,3.30,1.24,0.60,34.90,,24.30,35.90,,,,,36.00,5.02,335.00,653.00,490.00,,22.60,51.00,26.50,7.38,1.82,,1.26,,4.25,0.57,,5.66,,0.77,3.62,1.80
WA-001,45.224631,-117.430749,13-Jul-87,51.00,2.56,14.20,14.50,0.22,4.01,7.60,3.32,2.13,0.42,36.80,414.00,4.40,38.70,9.00,50.00,158.00,17.00,56.00,0.48,351.00,,790.00,,24.30,54.80,29.90,7.29,2.32,,1.29,,4.06,0.59,234.00,5.93,,0.89,4.31,1.80
WA-002,45.218914,-117.434949,13-Jul-87,52.50,2.48,13.80,13.90,0.22,3.95,7.39,3.37,1.96,0.41,37.10,424.00,5.10,37.70,8.00,52.00,157.00,17.00,46.00,1.03,334.00,,678.00,,24.30,55.30,30.00,7.18,2.32,,1.38,,4.09,0.57,227.00,6.10,,0.88,4.14,1.60
WA-003,45.218946,-117.434949,13-Jul-87,68.20,0.57,15.20,3.60,0.05,1.84,4.76,2.76,2.81,0.15,11.50,110.00,35.50,11.60,16.00,25.00,57.00,22.00,66.00,2.08,236.00,290.00,268.00,,13.60,29.70,14.30,3.08,0.80,,0.39,,1.44,0.22,185.00,4.17,,0.28,2.69,3.40
WA-004,45.218978,-117.434949,13-Jul-87,66.00,0.54,14.80,4.70,0.07,3.35,4.55,3.43,2.44,0.16,10.60,96.00,32.90,13.40,16.00,20.00,53.00,45.00,54.00,1.58,434.00,445.00,468.00,,15.50,30.80,15.30,3.44,0.86,,0.43,,1.52,0.23,182.00,4.54,,0.25,3.12,1.70
WA-005,45.218946,-117.434949,13-Jul-87,66.30,0.42,15.40,4.00,0.07,3.03,4.63,4.05,1.88,0.17,12.40,91.00,29.80,12.10,19.00,11.00,50.00,31.00,42.00,1.75,460.00,500.00,491.00,,24.00,49.10,20.30,3.75,0.91,,0.47,,1.43,0.21,128.00,3.07,,0.25,6.01,1.30
WA-006,45.218977,-117.434994,13-Jul-87,67.80,0.42,14.90,3.90,0.06,2.60,4.82,3.82,1.53,0.13,9.70,92.00,28.80,11.70,16.00,13.00,47.00,34.00,38.00,1.55,491.00,450.00,449.00,,11.70,25.60,13.00,2.85,0.76,,0.34,,1.23,0.19,144.00,3.62,,0.21,3.23,1.00
WA-007,45.212247,-117.438681,14-Jul-87,53.40,1.59,17.00,9.70,0.16,4.54,9.37,3.03,1.05,0.22,29.10,269.00,66.20,31.00,21.00,65.00,108.00,15.00,23.00,0.64,482.00,,426.00,,13.40,29.10,16.50,4.41,1.49,,0.77,,2.28,0.32,134.00,3.37,,0.52,2.29,1.30
WA-008,45.212271,-117.438681,14-Jul-87,52.50,1.48,15.50,9.90,0.17,6.15,10.26,2.58,1.22,0.21,35.40,274.00,177.00,36.90,36.00,101.00,112.00,19.00,17.00,0.63,393.00,,395.00,,13.00,29.40,16.30,4.14,1.44,,0.75,,2.20,0.34,125.00,3.30,,0.55,2.28,1.00
WA-015,45.219862,-117.449753,15-Jul-87,54.00,1.97,13.80,12.90,0.20,4.26,8.01,3.27,1.24,0.34,36.40,384.00,20.50,37.20,18.00,34.00,142.00,22.00,36.00,1.34,332.00,,659.00,,20.50,45.70,25.10,6.17,1.89,,1.09,,3.74,0.54,177.00,4.64,,0.69,3.49,1.00
WA-016,45.219909,-117.450055,15-Jul-87,54.60,2.56,13.50,13.80,0.21,3.42,7.50,1.96,1.94,0.43,33.60,361.00,6.80,37.00,5.00,7.00,149.00,33.00,64.00,12.03,413.00,,974.00,,23.20,51.60,28.30,6.71,2.07,,1.18,,3.59,0.52,203.00,5.27,,0.89,4.72,1.80
WA-017,45.227157,-117.452537,15-Jul-87,53.60,2.34,13.50,13.70,0.21,3.91,7.42,3.44,1.53,0.38,35.60,416.00,10.90,39.70,15.00,65.00,150.00,18.00,39.00,0.71,340.00,,653.00,,22.90,49.20,28.50,6.94,2.16,,1.19,,3.68,0.55,215.00,5.58,,0.85,3.87,1.70
WA-018,45.227133,-117.452537,15-Jul-87,55.80,1.61,14.40,10.40,0.17,4.48,8.00,3.07,1.69,0.28,27.90,,18.30,32.50,,,108.00,,27.00,0.93,311.00,,558.00,,19.90,43.60,23.40,5.83,1.82,,0.94,,2.84,0.41,196.00,5.02,,0.69,4.46,1.90
WA-019,45.227228,-117.452605,15-Jul-87,53.50,2.29,14.00,13.20,0.20,4.31,7.87,3.06,1.23,0.30,34.50,421.00,13.20,39.80,12.00,45.00,139.00,17.00,23.00,0.99,356.00,,574.00,,19.20,41.30,25.00,5.73,1.90,,1.01,,3.05,0.42,181.00,4.59,,0.71,3.42,1.20
WA-029,45.220582,-117.395429,17-Jul-87,52.70,2.23,14.20,12.40,0.19,5.08,9.05,2.97,0.83,0.32,34.90,347.00,72.60,38.80,38.00,85.00,133.00,13.00,64.00,2.32,343.00,,501.00,,19.40,43.40,24.10,6.52,2.03,,1.12,,3.19,0.45,192.00,4.91,,0.84,3.61,1.10
WA-034,45.112109,-117.377335,19-Jul-88,52.60,2.31,14.10,12.60,0.20,5.05,8.89,2.74,1.12,0.35,34.40,359.00,61.40,38.70,38.00,87.00,135.00,13.00,27.00,1.84,337.00,,529.00,,19.60,45.30,26.10,6.42,2.03,,1.12,,3.20,0.45,199.00,5.04,,0.90,3.49,1.20
WA-039,45.133686,-117.414515,20-Jul-88,54.80,2.03,13.50,13.20,0.21,3.83,7.34,3.13,1.54,0.40,35.00,407.00,11.10,36.80,11.00,34.00,141.00,18.00,39.00,0.85,317.00,,706.00,,21.90,46.60,26.80,6.58,1.95,,1.12,,3.52,0.51,198.00,4.83,,0.79,4.01,1.50
WA-040,45.140581,-117.414921,20-Jul-88,51.70,1.41,15.00,11.10,0.19,6.14,10.37,2.95,0.80,0.33,39.60,354.00,144.00,39.10,50.00,99.00,127.00,10.00,12.00,,404,,399.00,,16.30,34.70,19.00,4.87,1.59,,0.84,,3.06,0.47,119.00,3.33,,0.50,1.17,
WA-043,45.133482,-117.436159,21-Jul-88,60.10,0.75,16.50,6.50,0.10,4.24,5.92,3.83,1.82,0.23,17.8,,41.10,17.00,40.00,,,,39.00,1.07,533.00,650.00,585.00,,16.60,40.90,26.00,5.35,0.90,,0.63,,2.49,0.33,218.00,8.92,,0.22,2.44,1.90
WA-044,45.133465,-117.436158,21-Jul-88,54.20,1.92,14.40,11.70,0.19,4.85,8.40,3.11,1.02,0.28,34.90,,24.20,38.10,30.00,,,,21.00,1.29,371.00,,522.00,,17.50,38.50,24.10,5.51,1.78,,0.89,,3.06,0.39,176.00,4.48,,0.70,3.19,1.70
WA-046,45.133482,-117.436182,21-Jul-88,73.60,0.24,14.20,1.80,0.03,0.94,3.07,3.89,2.12,0.06,3.70,,5.30,3.50,,,,,41.00,1.25,525.00,590.00,592.00,,11.30,25.10,9.00,1.91,0.54,,0.20,,0.70,0.13,102.00,3.01,,0.29,4.93,2.00
WA-047,45.142199,-117.435385,21-Jul-88,51.80,1.85,14.40,12.40,0.20,5.61,9.58,2.81,1.04,0.29,41.00,,99.60,40.90,,,,,23.00,0.25,381.00,,439.00,,16.30,33.20,19.30,4.95,1.58,,0.70,,3.07,0.36,141.00,3.46,,0.49,2.24,0.50
WA-048,45.145735,-117.435791,21-Jul-88,52.20,1.65,14.70,11.70,0.19,5.81,9.82,2.70,0.92,0.28,41.40,,114.00,40.70,,,,,22.00,1.26,436.00,,510.00,,16.20,32.30,18.60,4.75,1.65,,0.66,,2.95,0.39,135.00,3.28,,0.47,2.11,0.40
WA-049,45.146544,-117.434345,21-Jul-88,52.90,2.20,14.40,12.20,0.19,5.00,8.97,2.67,1.05,0.35,35.90,349.00,73.00,40.30,36.00,85.00,135.00,19.00,19.00,0.69,351.00,,504.00,,19.10,42.70,23.80,6.46,2.02,,1.13,,3.19,0.46,191.00,4.95,,0.85,3.54,
WA-050,45.146556,-117.434365,21-Jul-88,51.30,1.45,15.40,11.20,0.18,6.16,10.14,2.99,0.81,0.32,40.5,335.00,150.00,37.50,49.00,102.00,127.00,9.00,19.00,,396,,427.00,,15.00,32.50,17.20,4.45,1.52,,0.82,,2.85,0.41,122.00,3.09,,0.43,1.05,
WA-051,45.146506,-117.434341,21-Jul-88,54.00,2.19,14.40,12.00,0.19,4.20,8.05,3.22,1.45,0.37,32.4,341.00,28.60,37.20,20.00,53.00,135.00,11.00,37.00,1.02,370.00,,624.00,,21.20,46.10,25.10,6.56,1.98,,1.04,,3.14,0.46,196.00,5.11,,0.87,3.97,1.30
WA-052,45.106409,-117.395741,22-Jul-88,53.30,1.96,14.40,12.50,0.20,4.56,8.46,2.82,1.50,0.29,34.60,,6.70,36.50,,,,,35.00,0.88,298.00,450.00,605.00,,19.10,38.00,20.40,5.55,1.72,,0.91,,3.33,0.44,171.00,4.04,,0.67,4.01,1.90
WA-053,45.110215,-117.401174,22-Jul-88,54.50,2.16,13.50,13.40,0.21,3.86,7.13,3.15,1.78,0.36,35.90,,13.20,39.40,,,,,50.00,1.05,305.00,680.00,726.00,,20.80,43.40,23.80,6.26,2.03,,0.96,,3.70,0.49,192.00,4.96,,0.67,4.40,1.00
WA-054,45.110234,-117.401227,22-Jul-88,54.30,2.12,13.80,13.20,0.20,3.66,7.04,3.28,2.09,0.37,35.70,,12.40,38.80,,,,,44.00,1.10,307.00,590.00,745.00,,23.20,48.00,24.60,6.53,2.03,,0.85,,3.98,0.50,217.00,5.53,,0.80,5.24,0.80
WA-055,45.110271,-117.401227,22-Jul-88,55.70,2.32,13.50,12.90,0.19,3.26,6.19,2.86,2.75,0.40,31.80,,3.20,34.50,,,,,53.00,0.77,270.00,650.00,808.00,,23.70,48.10,24.90,6.72,2.00,,0.99,,3.63,0.49,221.00,4.98,,0.78,5.69,1.90
WA-056,45.110252,-117.401227,22-Jul-88,54.40,2.18,13.50,13.50,0.21,3.73,7.27,3.23,1.66,0.36,36.10,,12.10,39.60,,,,,40.00,1.29,327.00,590.00,767.00,,19.80,43.20,23.60,5.98,1.96,,0.82,,3.56,0.44,202.00,4.67,,0.73,4.34,1.40
WA-057,45.109686,-117.403703,22-Jul-88,56.10,2.40,13.10,13.10,0.21,2.88,7.00,3.00,1.69,0.52,31.80,,3.80,30.40,,,,,43.00,2.26,339.00,540.00,751.00,,25.30,52.30,29.60,7.15,2.35,,1.09,,3.99,0.49,212.00,5.41,,0.82,5.19,2.10
WA-058,45.109705,-117.403677,22-Jul-88,54.70,2.52,13.40,13.80,0.21,3.36,7.31,2.58,1.74,0.41,33.20,,1.40,35.80,,,,,108.00,5.10,379.00,580.00,776.00,,21.90,44.40,24.80,6.39,1.90,,0.77,,3.83,0.47,200.00,4.87,,0.74,4.54,1.30
WA-060,45.166187,-117.474144,24-Jul-88,54.60,2.19,13.40,13.30,0.21,3.71,7.29,3.42,1.40,0.44,33.90,,12.70,35.60,,,131.00,,30.00,1.37,319.00,675.00,746.00,,19.90,47.60,27.80,6.43,2.05,,0.25,,3.61,0.45,197.00,4.64,,0.66,3.90,2.30
WA-062,45.178265,-117.475062,24-Jul-88,54.80,1.77,14.00,11.80,0.19,4.47,7.98,3.06,1.72,0.25,35.00,,7.10,37.60,,,,,44.00,0.85,299.00,520.00,604.00,,17.70,38.50,21.00,5.37,1.69,,0.67,,3.34,0.38,158.00,4.29,,0.68,4.58,0.70
WA-063,45.179413,-117.477369,24-Jul-88,56.70,2.16,13.70,12.40,0.19,3.05,6.38,3.22,1.85,0.36,29.60,,9.30,34.70,,,,,59.00,2.22,293.00,650.00,804.00,,25.70,56.20,27.10,7.28,2.02,,1.18,,3.55,0.54,222.00,5.80,,0.92,5.18,1.60
WA-064,45.178032,-117.478253,24-Jul-88,55.30,2.44,13.00,13.90,0.20,3.08,6.45,3.36,1.76,0.52,33.50,,5.10,34.30,,,,,46.00,1.40,284.00,760.00,974.00,,27.80,57.30,31.40,8.03,2.37,,1.20,,5.11,0.62,230.00,6.14,,0.95,4.86,2.60
WA-065,45.177405,-117.481363,24-Jul-88,55.40,2.08,13.90,12.80,0.19,3.54,6.96,2.97,1.88,0.40,31.10,,14.30,35.80,,,,,40.00,0.35,312.00,645.00,844.00,,23.20,51.30,25.90,6.60,2.12,,1.21,,4.08,0.59,215.00,5.40,,0.71,3.99,1.60
WA-066,45.176999,-117.486188,24-Jul-88,48.00,1.53,16.50,11.20,0.17,8.90,10.36,2.81,0.26,0.25,28.20,,147.00,55.00,,,,,4.00,,439.00,95.00,169.00,,6.90,17.70,9.30,3.45,1.35,,0.45,,1.85,0.29,96.00,2.46,,0.27,1.11,0.90
WA-067,45.176971,-117.486188,24-Jul-88,47.90,1.52,16.80,11.20,0.17,8.76,10.40,2.80,0.24,0.21,29.50,,141.00,56.20,,,,,3.00,0.03,431.00,130.00,179.00,,6.20,18.00,11.80,3.53,1.41,,0.75,,1.95,0.30,94.00,2.33,,0.33,1.38,1.10
WA-068,45.176999,-117.486188,24-Jul-88,48.00,1.34,17.10,11.00,0.17,8.94,10.59,2.62,0.17,0.18,29.90,,136.00,53.90,,,,,4.00,0.09,410.00,125.00,192.00,,6.10,16.40,11.20,3.17,1.27,,0.52,,2.11,0.30,90.00,2.25,,0.28,1.16,1.10
WA-069,45.177538,-117.469215,24-Jul-88,53.00,2.05,14.30,12.80,0.20,4.55,8.23,3.19,1.31,0.38,38.00,,77.40,42.30,,,,,33.00,0.32,318.00,505.00,611.00,,18.90,43.80,26.70,5.96,2.06,,1.19,,3.68,0.54,166.00,4.59,,0.76,3.21,2.40
WA-070,45.156982,-117.393795,25-Jul-88,52.50,1.68,14.10,12.30,0.21,5.37,9.56,3.16,0.83,0.39,46.20,,50.60,38.50,,,,,16.00,0.03,381.00,460.00,573.00,,17.00,39.80,20.80,5.69,1.77,,0.78,,3.93,0.51,165.00,3.97,,0.47,1.53,0.80
WA-071,45.156946,-117.393785,25-Jul-88,52.50,2.29,12.70,13.70,0.21,4.70,10.01,2.42,1.14,0.35,37.00,,65.50,40.80,,,,,37.00,0.94,318.00,440.00,449.00,,19.30,43.30,22.40,6.58,2.04,,0.76,,3.62,0.45,206.00,5.00,,0.83,3.49,2.10
WA-072,45.16193,-117.388662,25-Jul-88,56.00,2.20,13.20,12.80,0.20,3.27,6.91,3.32,1.74,0.38,30.00,,5.00,34.70,,,,,54.00,1.40,314.00,695.00,824.00,,23.90,49.50,26.10,6.51,2.13,,1.15,,3.40,0.54,207.00,5.94,,0.93,4.99,2.70
WA-073,45.16193,-117.388662,25-Jul-88,54.30,2.15,13.50,13.30,0.20,3.74,7.31,3.48,1.58,0.37,35.50,,14.40,38.50,,,,,30.00,1.09,323.00,580.00,766.00,,21.00,44.70,24.20,6.31,1.96,,1.03,,3.68,0.47,199.00,4.97,,0.66,4.46,2.30
WA-074,45.161929,-117.388742,25-Jul-88,54.20,2.14,13.50,13.20,0.20,3.72,7.38,3.75,1.46,0.38,34.90,,13.30,38.30,,,,,40.00,1.37,325.00,570.00,718.00,,20.10,42.60,24.00,6.12,1.95,,0.94,,4.02,0.44,192.00,4.50,,0.70,4.31,1.50
WA-075,45.16193,-117.388702,25-Jul-88,59.80,1.73,13.50,10.50,0.16,2.83,5.80,3.30,2.00,0.29,27.10,,6.70,28.20,,,,,61.00,1.01,256.00,670.00,874.00,,24.10,50.10,22.50,6.18,1.72,,0.96,,3.78,0.48,259.00,6.60,,0.81,7.17,1.60
WA-076,45.161958,-117.388742,25-Jul-88,58.90,1.91,13.70,11.10,0.17,2.62,6.00,3.59,1.69,0.30,27.00,,3.80,28.30,,,,,63.00,1.62,303.00,760.00,960.00,,25.50,50.30,26.50,6.51,1.95,,0.87,,3.62,0.47,222.00,6.04,,0.87,6.99,2.90
WA-078,45.161958,-117.388742,25-Jul-88,72.60,0.33,15.10,2.60,0.05,0.63,2.97,3.82,1.76,0.12,5.60,,7.70,5.50,,,,,43.00,2.49,191.00,286.00,331.00,,11.80,25.80,12.00,2.47,0.57,,0.30,,0.85,0.15,103.00,2.70,,0.57,2.10,2.50
WA-079,45.1642,-117.387353,25-Jul-88,52.40,2.26,14.30,12.50,0.20,4.98,8.97,2.92,1.10,0.33,35.90,,68.00,43.60,,,,,33.00,1.84,360.00,450.00,554.00,,19.00,44.90,23.70,6.43,2.23,,1.14,,3.27,0.51,191.00,5.42,,0.93,3.02,3.10
WA-080,45.1642,-117.387353,25-Jul-88,54.00,2.20,13.40,13.60,0.21,3.98,7.73,3.12,1.29,0.45,35.60,,12.40,38.20,,,,,43.00,0.52,333.00,590.00,726.00,,20.50,47.10,24.40,6.57,2.13,,1.18,,3.80,0.58,197.00,5.24,,0.58,3.32,3.10
WA-081,45.1642,-117.387293,25-Jul-88,52.60,2.28,14.30,12.50,0.20,4.93,8.95,2.88,1.05,0.35,34.10,,65.70,39.60,,,,,38.00,1.33,351.00,370.00,501.00,,18.60,41.60,22.80,6.07,1.92,,1.07,,3.48,0.46,195.00,4.72,,0.75,3.24,0.80
WA-082,45.1642,-117.387383,25-Jul-88,53.40,2.59,13.40,14.00,0.19,3.91,7.60,3.13,1.43,0.37,35.40,,18.30,42.50,,,,,42.00,0.32,335.00,610.00,707.00,,22.70,50.80,27.90,6.65,2.03,,1.10,,3.88,0.52,201.00,5.09,,0.80,4.20,1.10
WA-083,45.164242,-117.387353,25-Jul-88,56.00,2.36,13.10,12.90,0.21,2.88,6.64,3.53,1.82,0.53,30.60,,4.90,30.10,,,,,53.00,0.96,331.00,640.00,824.00,,24.40,53.90,28.70,7.40,2.28,,1.21,,4.01,0.54,216.00,5.58,,0.88,5.85,1.50
WA-084,45.164179,-117.387353,25-Jul-88,53.80,2.59,13.70,14.10,0.31,3.46,7.80,2.04,1.84,0.44,33.30,,4.40,36.00,,,,,100.00,33.20,546.00,2885.00,3430.00,,24.50,52.60,29.70,7.05,2.12,,1.29,,4.09,0.52,205.00,5.55,,0.91,4.99,1.60
WA-085,45.1642,-117.387293,25-Jul-88,56.50,2.33,13.50,12.60,0.21,2.79,6.79,3.19,1.49,0.56,29.00,,3.20,29.10,,,149.00,,43.00,1.36,373.00,565.00,888.00,,26.60,57.50,29.40,7.64,2.31,,1.43,,3.47,0.53,214.00,5.84,,0.94,5.78,1.60
WA-086,45.166275,-117.387427,25-Jul-88,54.30,2.15,13.70,13.40,0.20,3.75,7.02,3.51,1.62,0.42,35.30,,10.60,35.40,,,122.00,,45.00,0.59,322.00,555.00,820.00,,21.90,48.00,24.70,6.76,2.07,,1.34,,4.06,0.54,201.00,5.22,,0.67,3.63,1.20
WA-087,45.16901,-117.392064,25-Jul-88,55.90,2.38,13.30,12.90,0.21,2.90,6.51,3.56,1.77,0.51,31.10,,4.00,31.40,,,158.00,,47.00,4.58,363.00,615.00,939.00,,25.40,54.50,29.40,7.56,2.18,,1.33,,4.02,0.56,220.00,5.44,,0.86,5.48,1.80
WA-088,45.161387,-117.400115,25-Jul-88,52.50,1.70,15.00,10.90,0.17,5.89,9.43,3.05,1.03,0.24,32.70,,172.00,39.00,,,123.00,,28.00,0.88,379.00,315.00,469.00,,14.60,33.20,16.90,4.95,1.66,,1.04,,2.42,0.33,147.00,3.75,,0.50,1.96,1.00
WA-089,45.165697,-117.463144,26-Jul-88,55.00,1.87,14.20,11.70,0.18,4.36,7.66,3.30,1.47,0.27,31.20,,13.40,34.80,,,123.00,,50.00,0.83,338.00,390.00,646.00,,18.70,41.30,22.20,5.66,1.74,,1.21,,2.92,0.45,183.00,4.55,,0.72,4.08,1.50
WA-090,45.167428,-117.459229,26-Jul-88,53.00,2.05,14.30,12.70,0.19,4.62,8.40,3.15,1.31,0.36,37.00,,71.60,38.60,,,124.00,,51.00,0.45,331.00,460.00,644.00,,20.60,41.80,22.90,6.30,1.85,,1.13,,3.36,0.45,167.00,4.12,,0.59,3.45,2.20
WA-091,45.167405,-117.459229,26-Jul-88,53.00,2.11,14.10,13.00,0.20,4.49,8.31,3.25,1.20,0.37,35.40,,67.30,36.40,,,126.00,,39.00,0.61,333.00,400.00,713.00,,20.50,43.50,21.00,6.31,1.87,,1.21,,3.27,0.46,171.00,4.28,,0.66,3.89,1.20
WA-092,45.16054,-117.450836,26-Jul-88,53.10,2.11,13.90,13.10,0.21,4.45,8.42,3.04,1.33,0.40,36.70,,61.90,37.40,,,,,4.00,1.72,340.00,535.00,703.00,,20.80,45.20,26.10,6.46,1.95,,0.32,,3.42,0.49,175.00,4.55,,0.69,3.75,1.40
WA-093,45.160564,-117.450836,26-Jul-88,53.50,2.04,14.30,12.70,0.20,4.48,8.30,3.03,1.15,0.36,37.10,,69.30,38.20,,,,,25.00,,333.00,535.00,655.00,,20.20,44.20,26.30,6.12,1.89,,0.34,,3.48,0.51,172.00,4.45,,0.70,3.73,1.50
WA-094,45.161508,-117.450477,26-Jul-88,54.90,2.40,13.50,13.40,0.21,3.59,6.72,3.41,1.51,0.47,33.00,,4.50,34.00,,,135.00,,19.00,0.87,324.00,655.00,796.00,,23.80,55.40,33.40,8.12,2.47,,1.21,,4.26,0.63,236.00,5.96,,0.91,4.14,1.10
WA-095,45.161531,-117.450444,26-Jul-88,53.30,1.34,15.30,9.60,0.16,6.18,9.99,2.98,0.91,0.19,31.70,,182.00,36.20,,,66.00,,9.00,,379.00,320.00,363.00,,11.80,26.90,15.10,4.01,1.31,,0.32,,2.19,0.30,127.00,2.98,,0.58,1.93,1.00
WA-096,45.161508,-117.450477,26-Jul-88,51.00,2.00,13.30,12.00,0.19,4.34,12.47,2.90,1.44,0.35,35.10,,54.90,37.30,,,,,11.00,2.18,387.00,520.00,704.00,,19.40,45.10,22.20,6.51,2.02,,0.35,,3.38,0.48,194.00,4.71,,0.76,3.23,1.80
WA-097,45.161531,-117.450478,26-Jul-88,53.50,2.09,14.10,12.40,0.20,4.33,8.21,3.35,1.40,0.37,33.70,,50.90,36.60,,,85.00,,12.00,,352.00,455.00,590.00,,19.40,43.80,26.20,6.20,1.89,,0.13,,2.88,0.47,207.00,4.56,,0.80,3.36,1.10
WA-098,45.161508,-117.450477,26-Jul-88,53.70,2.12,14.20,12.50,0.19,4.38,8.26,3.14,1.20,0.34,35.20,,48.80,37.50,,,96.00,,24.00,,348.00,485.00,573.00,,19.40,44.20,28.50,6.51,1.98,,0.15,,3.69,0.50,194.00,4.88,,0.85,3.11,1.50
WA-099,45.161508,-117.450444,26-Jul-88,54.50,2.16,13.60,13.30,0.20,3.76,7.43,3.26,1.44,0.37,36.40,,17.10,39.30,,,132.00,,36.00,,321.00,610.00,690.00,,21.50,49.10,27.20,6.33,1.87,,0.08,,3.41,0.50,188.00,4.70,,0.60,5.16,2.00
WA-100,45.16176,-117.429739,26-Jul-88,55.00,1.78,14.40,11.20,0.18,4.74,8.33,2.81,1.25,0.24,31.10,,21.30,35.30,,,,,25.00,0.70,332.00,415.00,529.00,,17.80,39.50,29.40,5.74,1.66,,0.68,,2.87,0.40,162.00,4.30,,,2.94,1.70
WA-102,45.171341,-117.413013,26-Jul-88,54.70,2.12,13.60,13.10,0.21,3.88,7.48,3.32,1.21,0.37,35.30,,9.50,37.70,,,130.00,,34.00,,337.00,610.00,715.00,,21.60,49.40,29.80,6.94,2.05,,1.27,,3.74,0.53,209.00,5.35,,0.82,3.50,1.60
WA-103,45.177135,-117.411923,26-Jul-88,52.40,1.92,14.30,12.90,0.21,4.95,9.11,3.07,0.82,0.28,39.70,,60.70,41.40,,,,,25.00,,259.00,320.00,375.00,,15.30,34.80,21.00,5.97,1.83,,0.34,,3.75,0.52,178.00,4.57,,0.74,2.31,2.10
WA-104,45.177135,-117.411856,26-Jul-88,49.70,1.72,14.80,11.90,0.21,5.23,10.94,2.92,2.25,0.28,41.10,,60.70,41.20,,,103.00,,29.00,,329.00,590.00,719.00,,18.50,42.30,22.60,5.81,1.83,,0.28,,3.27,0.45,161.00,4.34,,0.95,2.96,1.80
WA-105,45.180732,-117.398858,27-Jul-88,57.20,2.17,13.30,12.40,0.20,2.79,6.49,3.36,1.66,0.41,30.00,,3.90,31.30,,,128.00,,45.00,,322.00,685.00,859.00,,25.20,54.50,29.50,7.26,2.04,,1.11,,3.50,0.49,224.00,5.37,,1.08,5.73,1.90
WA-106,45.180732,-117.398825,27-Jul-88,52.60,2.25,14.40,12.30,0.20,5.03,9.02,2.84,0.95,0.34,20.80,,41.30,38.60,,,101.00,,20.00,,417.00,460.00,549.00,,18.40,27.90,24.90,6.64,1.93,,0.34,,3.18,0.46,187.00,2.83,,0.74,1.91,2.00
WA-107,45.177472,-117.395369,27-Jul-88,55.00,1.98,14.10,12.30,0.19,4.16,7.79,2.93,1.27,0.27,33.30,,9.80,36.80,,,107.00,,29.00,,326.00,490.00,644.00,,17.30,36.70,22.90,5.37,1.57,,0.41,,2.90,0.43,164.00,4.07,,0.72,3.65,2.30
WA-108,45.173432,-117.399171,27-Jul-88,52.40,1.95,14.20,13.00,0.21,4.88,9.10,3.13,0.78,0.29,37.70,,54.00,39.20,,,111.00,,17.00,,261.00,300.00,384.00,,14.40,33.60,22.80,5.86,1.76,,0.44,,3.81,0.52,176.00,4.53,,0.45,1.92,0.80
WA-109,45.173433,-117.399137,27-Jul-88,52.60,1.67,15.00,10.90,0.17,5.87,9.51,3.06,0.95,0.25,34.40,,179.00,41.50,,,82.00,,16.00,,384.00,390.00,431.00,,13.30,32.80,18.90,4.89,1.69,,0.30,,2.50,0.36,145.00,3.64,,0.68,2.29,0.80
WA-110,45.169936,-117.403275,27-Jul-88,52.60,1.65,15.10,10.90,0.17,5.99,9.68,2.93,0.81,0.23,34.00,,182.00,40.50,,,28.00,,1.00,0.36,386.00,240.00,406.00,,13.70,32.50,17.20,4.68,1.66,,1.02,,2.60,0.32,143.00,3.70,,0.66,2.34,0.40
WA-111,45.127304,-117.376587,28-Jul-88,56.10,2.01,13.60,12.50,0.21,3.14,6.65,3.71,1.73,0.41,32.10,,3.90,31.60,,,141.00,,2.00,1.42,334.00,700.00,811.00,,24.80,54.40,37.10,7.47,2.18,,1.37,,4.15,0.51,225.00,5.76,,0.85,4.97,0.50
WA-112,45.137814,-117.379623,28-Jul-88,56.30,2.00,13.50,12.50,0.21,3.15,6.54,3.49,1.89,0.44,31.00,,3.10,31.50,,,110.00,,3.00,1.02,327.00,740.00,821.00,,24.30,53.00,27.80,7.39,2.09,,1.36,,3.99,0.50,230.00,5.51,,0.78,4.62,1.40
WA-113,45.136504,-117.375325,28-Jul-88,51.10,1.46,15.00,11.60,0.20,6.15,10.39,2.89,0.76,0.37,42.80,,149.00,38.50,,,101.00,,5.00,1.43,442.00,340.00,404.00,,16.00,36.70,23.10,5.14,1.58,,0.99,,3.33,0.47,138.00,3.44,,0.35,0.68,0.40
WA-114,45.136504,-117.375279,28-Jul-88,54.30,2.21,14.00,12.20,0.19,4.30,7.90,3.11,1.38,0.36,33.10,,27.90,38.20,,,138.00,,1.00,1.01,349.00,585.00,594.00,,21.20,49.50,25.90,6.62,2.00,,1.22,,3.40,0.42,212.00,5.45,,0.91,4.45,0.70
WA-115,45.13136,-117.357798,28-Jul-88,54.50,2.28,13.80,13.20,0.21,3.78,7.31,3.30,1.24,0.37,33.70,,5.70,37.00,,,142.00,,,0.99,336.00,590.00,727.00,,22.00,48.80,27.30,6.85,1.99,,1.31,,3.45,0.43,217.00,5.32,,0.76,4.07,0.60
WA-116,45.131392,-117.357798,28-Jul-88,51.40,1.46,14.90,11.50,0.21,6.16,10.55,2.90,0.58,0.35,45.00,,167.00,38.30,,,105.00,,4.00,0.09,377.00,280.00,356.00,,14.70,34.50,16.40,4.78,1.62,,1.11,,3.15,0.41,124.00,3.24,,0.42,0.39,2.10
WA-117,45.183618,-117.291839,19-Aug-89,51.90,2.44,13.80,13.80,0.22,4.75,8.77,2.85,0.95,0.47,36.50,,31.40,37.40,,,106.00,,14.00,0.40,307.00,340.00,422.00,,18.50,42.30,20.70,6.63,1.95,,1.44,,3.81,0.46,204.00,5.05,,0.91,2.36,1.00
WA-118,45.1826,-117.292641,19-Aug-89,51.40,2.29,14.10,13.70,0.22,4.89,9.24,2.80,1.03,0.31,39.60,,76.90,44.50,,,127.00,,6.00,0.67,312.00,390.00,392.00,,17.20,40.40,23.10,6.48,2.01,,1.38,,3.68,0.53,195.00,5.17,,0.78,2.02,3.10
WA-119,45.185716,-117.29161,19-Aug-89,55.10,1.51,14.50,11.10,0.18,4.65,8.13,3.17,1.30,0.36,37.60,,12.80,35.50,,,99.00,,3.00,0.20,413.00,605.00,744.00,,21.10,46.00,22.00,5.76,1.71,,1.14,,3.13,0.38,182.00,4.31,,0.65,3.00,0.10
WA-120,45.187738,-117.294833,19-Aug-89,56.10,2.21,14.10,12.00,0.17,3.21,6.78,3.04,1.94,0.46,28.60,,13.10,33.60,,,138.00,,1.00,0.73,365.00,795.00,901.00,,26.30,60.80,37.70,7.61,2.16,,1.17,,3.40,0.42,247.00,6.29,,1.05,6.16,2.00
WHT95-87,,,,53.90,2.10,14.00,12.60,0.21,3.92,7.67,3.27,1.81,0.53,35.00,,20.00,35.60,58.00,,128.00,,41.00,0.96,318.00,615.00,625.00,,21.50,41.00,25.70,6.63,2.04,,1.17,,3.90,0.52,185.00,4.68,,0.65,3.65,3.30